{"cameraMode":{"drawMode":0,"name":"Shaded","section":"Shading Mode"},"sceneLighting":false,"audioPlay":false,"sceneViewState":{"showFog":true,"showMaterialUpdate":false,"showSkybox":false,"showFlares":true,"showImageEffects":true,"showParticleSystems":true},"in2DMode":false,"pivot":{"x":5.960464477539063e-8,"y":-1.1920928955078126e-7,"z":8.344650268554688e-7},"rotation":{"x":-0.012093337252736092,"y":0.7916808128356934,"z":-0.015678608790040017,"w":-0.6106162667274475},"size":0.8660287261009216,"orthographic":true}