{"cameraMode":{"drawMode":0,"name":"Shaded","section":"Shading Mode"},"sceneLighting":false,"audioPlay":false,"sceneViewState":{"showFog":true,"showMaterialUpdate":false,"showSkybox":false,"showFlares":true,"showImageEffects":true,"showParticleSystems":true},"in2DMode":false,"pivot":{"x":0.7045111060142517,"y":0.2766069173812866,"z":-2.56823468208313},"rotation":{"x":0.24848249554634095,"y":-0.4911401867866516,"z":0.1485498547554016,"w":0.8215848207473755},"size":0.9219380617141724,"orthographic":false}