{"cameraMode":{"drawMode":0,"name":"Shaded","section":"Shading Mode"},"sceneLighting":false,"audioPlay":false,"sceneViewState":{"showFog":true,"showMaterialUpdate":false,"showSkybox":false,"showFlares":true,"showImageEffects":true,"showParticleSystems":true},"in2DMode":false,"pivot":{"x":-33.216590881347659,"y":23.80994415283203,"z":-0.03642463684082031},"rotation":{"x":-0.2840665876865387,"y":0.39186251163482668,"z":-0.1285933256149292,"w":-0.8655815720558167},"size":45.62596130371094,"orthographic":true}