{"cameraMode":{"drawMode":0,"name":"Shaded","section":"Shading Mode"},"sceneLighting":false,"audioPlay":false,"sceneViewState":{"showFog":true,"showMaterialUpdate":false,"showSkybox":false,"showFlares":true,"showImageEffects":true,"showParticleSystems":true},"in2DMode":false,"pivot":{"x":-78.76974487304688,"y":24.255765914916993,"z":-40.59495544433594},"rotation":{"x":-0.2433624118566513,"y":0.45329487323760989,"z":-0.1301439106464386,"w":-0.8475726842880249},"size":39.714115142822269,"orthographic":true}