{"cameraMode":{"drawMode":0,"name":"Shaded","section":"Shading Mode"},"sceneLighting":false,"audioPlay":false,"sceneViewState":{"showFog":true,"showMaterialUpdate":false,"showSkybox":false,"showFlares":true,"showImageEffects":true,"showParticleSystems":true},"in2DMode":false,"pivot":{"x":-12.000005722045899,"y":3.41396164894104,"z":30.011945724487306},"rotation":{"x":-0.35577163100242617,"y":0.07894034683704376,"z":-0.03016619384288788,"w":-0.9307544231414795},"size":9.52829647064209,"orthographic":true}