{"cameraMode":{"drawMode":0,"name":"Shaded","section":"Shading Mode"},"sceneLighting":false,"audioPlay":false,"sceneViewState":{"showFog":true,"showMaterialUpdate":false,"showSkybox":false,"showFlares":true,"showImageEffects":true,"showParticleSystems":true},"in2DMode":false,"pivot":{"x":-31.11263656616211,"y":24.255765914916993,"z":-42.72329330444336},"rotation":{"x":-0.3089553713798523,"y":0.2504943311214447,"z":-0.08470310270786286,"w":-0.9135878682136536},"size":38.828121185302737,"orthographic":true}