{"cameraMode":{"drawMode":0,"name":"Shaded","section":"Shading Mode"},"sceneLighting":false,"audioPlay":false,"sceneViewState":{"showFog":true,"showMaterialUpdate":false,"showSkybox":false,"showFlares":true,"showImageEffects":true,"showParticleSystems":true},"in2DMode":false,"pivot":{"x":0.15711688995361329,"y":-1.4901161193847657e-8,"z":-1.5470244884490967},"rotation":{"x":0.12658874690532685,"y":0.6514967083930969,"z":-0.11149884015321732,"w":0.7396708130836487},"size":1.7753279209136963,"orthographic":false}